제품 코드,건수,예시_제품군
R1026-02.00,5,O2O2 D_UV_Spherical_FGC + -02.00
Q1026-02.00,5,O2O2 D_UV_Spherical_FGC + -02.00
Q0174-07.00DBK3,4,Clalen O2O2 D_Micelia_Deep Black_10P + -07.00
Q0174-08.00DBK3,4,Clalen O2O2 D_Micelia_Deep Black_10P + -08.00
Q0175-01.50LKG3,4,Clalen O2O2 D_Micelia_Lake Gray_10P + -01.50
Q0175-01.75LKG3,4,Clalen O2O2 D_Micelia_Lake Gray_10P + -01.75
Q0175-02.25LKG3,4,Clalen O2O2 D_Micelia_Lake Gray_10P + -02.25
Q0175-02.50LKG3,4,Clalen O2O2 D_Micelia_Lake Gray_10P + -02.50
Q0175-03.00LKG3,4,Clalen O2O2 D_Micelia_Lake Gray_10P + -03.00
Q0175-03.25LKG3,4,Clalen O2O2 D_Micelia_Lake Gray_10P + -03.25
Q0175-03.75LKG3,4,Clalen O2O2 D_Micelia_Lake Gray_10P + -03.75
Q0175-04.00LKG3,4,Clalen O2O2 D_Micelia_Lake Gray_10P + -04.00
Q0175-04.25LKG3,4,Clalen O2O2 D_Micelia_Lake Gray_10P + -04.25
Q0175-06.50LKG3,4,Clalen O2O2 D_Micelia_Lake Gray_10P + -06.50
Q0175-07.00LKG3,4,Clalen O2O2 D_Micelia_Lake Gray_10P + -07.00
Q0175-08.00LKG3,4,Clalen O2O2 D_Micelia_Lake Gray_10P + -08.00
Q0176-01.00MBN3,4,Clalen O2O2 D_Micelia_Mute Brown_10P + -01.00
Q0176-01.25MBN3,4,Clalen O2O2 D_Micelia_Mute Brown_10P + -01.25
Q0175-01.00LKG3,4,Clalen O2O2 D_Micelia_Lake Gray_10P + -01.00
Q0175-01.25LKG3,4,Clalen O2O2 D_Micelia_Lake Gray_10P + -01.25
Q0176-02.00MBN3,4,Clalen O2O2 D_Micelia_Mute Brown_10P + -02.00
Q0176-01.75MBN3,4,Clalen O2O2 D_Micelia_Mute Brown_10P + -01.75
Q0176-02.75MBN3,4,Clalen O2O2 D_Micelia_Mute Brown_10P + -02.75
Q0176-02.25MBN3,4,Clalen O2O2 D_Micelia_Mute Brown_10P + -02.25
Q0176-03.25MBN3,4,Clalen O2O2 D_Micelia_Mute Brown_10P + -03.25
Q0176-03.50MBN3,4,Clalen O2O2 D_Micelia_Mute Brown_10P + -03.50
Q0176-03.75MBN3,4,Clalen O2O2 D_Micelia_Mute Brown_10P + -03.75
Q0176-02.50MBN3,4,Clalen O2O2 D_Micelia_Mute Brown_10P + -02.50
Q0176-04.50MBN3,4,Clalen O2O2 D_Micelia_Mute Brown_10P + -04.50
Q0176-04.75MBN3,4,Clalen O2O2 D_Micelia_Mute Brown_10P + -04.75
Q0176-05.00MBN3,4,Clalen O2O2 D_Micelia_Mute Brown_10P + -05.00
Q0176-05.50MBN3,4,Clalen O2O2 D_Micelia_Mute Brown_10P + -05.50
Q0176-06.00MBN3,4,Clalen O2O2 D_Micelia_Mute Brown_10P + -06.00
Q0176-06.50MBN3,4,Clalen O2O2 D_Micelia_Mute Brown_10P + -06.50
Q0176-07.00MBN3,4,Clalen O2O2 D_Micelia_Mute Brown_10P + -07.00
Q0176-03.00MBN3,4,Clalen O2O2 D_Micelia_Mute Brown_10P + -03.00
Q0176-07.50MBN3,4,Clalen O2O2 D_Micelia_Mute Brown_10P + -07.50
Q0176-08.00MBN3,4,Clalen O2O2 D_Micelia_Mute Brown_10P + -08.00
Q0317-05.50PCH3,4,Clalen O2O2 D_Micelia_Pale Choco_10P + -05.50
Q0317-05.00PCH3,4,Clalen O2O2 D_Micelia_Pale Choco_10P + -05.00
Q0317-06.00PCH3,4,Clalen O2O2 D_Micelia_Pale Choco_10P + -06.00
Q1026-05.50,4,O2O2 D_UV_Spherical_FGC + -05.50
R0174-06.50DBK3,4,Clalen O2O2 D_Micelia_Deep Black_10P + -06.50
R0174-07.00DBK3,4,Clalen O2O2 D_Micelia_Deep Black_10P + -07.00
R0174-08.00DBK3,4,Clalen O2O2 D_Micelia_Deep Black_10P + -08.00
R0175-01.00LKG3,4,Clalen O2O2 D_Micelia_Lake Gray_10P + -01.00
R0175-01.25LKG3,4,Clalen O2O2 D_Micelia_Lake Gray_10P + -01.25
R0175-01.50LKG3,4,Clalen O2O2 D_Micelia_Lake Gray_10P + -01.50
R0175-01.75LKG3,4,Clalen O2O2 D_Micelia_Lake Gray_10P + -01.75
R0175-02.25LKG3,4,Clalen O2O2 D_Micelia_Lake Gray_10P + -02.25
R0175-02.50LKG3,4,Clalen O2O2 D_Micelia_Lake Gray_10P + -02.50
Q0176-04.25MBN3,4,Clalen O2O2 D_Micelia_Mute Brown_10P + -04.25
R0175-03.00LKG3,4,Clalen O2O2 D_Micelia_Lake Gray_10P + -03.00
R0175-03.25LKG3,4,Clalen O2O2 D_Micelia_Lake Gray_10P + -03.25
R0175-04.00LKG3,4,Clalen O2O2 D_Micelia_Lake Gray_10P + -04.00
R0175-03.75LKG3,4,Clalen O2O2 D_Micelia_Lake Gray_10P + -03.75
R0317-05.00PCH3,4,Clalen O2O2 D_Micelia_Pale Choco_10P + -05.00
R0317-05.50PCH3,4,Clalen O2O2 D_Micelia_Pale Choco_10P + -05.50
R0317-06.00PCH3,4,Clalen O2O2 D_Micelia_Pale Choco_10P + -06.00
R1026-05.50,4,O2O2 D_UV_Spherical_FGC + -05.50
R0175-04.25LKG3,4,Clalen O2O2 D_Micelia_Lake Gray_10P + -04.25
R0175-06.50LKG3,4,Clalen O2O2 D_Micelia_Lake Gray_10P + -06.50
R0175-07.00LKG3,4,Clalen O2O2 D_Micelia_Lake Gray_10P + -07.00
R0175-08.00LKG3,4,Clalen O2O2 D_Micelia_Lake Gray_10P + -08.00
R0176-01.75MBN3,4,Clalen O2O2 D_Micelia_Mute Brown_10P + -01.75
R0176-02.00MBN3,4,Clalen O2O2 D_Micelia_Mute Brown_10P + -02.00
R0176-02.25MBN3,4,Clalen O2O2 D_Micelia_Mute Brown_10P + -02.25
R0176-02.50MBN3,4,Clalen O2O2 D_Micelia_Mute Brown_10P + -02.50
R0176-02.75MBN3,4,Clalen O2O2 D_Micelia_Mute Brown_10P + -02.75
R0176-03.00MBN3,4,Clalen O2O2 D_Micelia_Mute Brown_10P + -03.00
R0176-03.25MBN3,4,Clalen O2O2 D_Micelia_Mute Brown_10P + -03.25
R0176-03.50MBN3,4,Clalen O2O2 D_Micelia_Mute Brown_10P + -03.50
R0176-03.75MBN3,4,Clalen O2O2 D_Micelia_Mute Brown_10P + -03.75
R0176-04.25MBN3,4,Clalen O2O2 D_Micelia_Mute Brown_10P + -04.25
R0176-04.50MBN3,4,Clalen O2O2 D_Micelia_Mute Brown_10P + -04.50
R0176-04.75MBN3,4,Clalen O2O2 D_Micelia_Mute Brown_10P + -04.75
R0176-05.00MBN3,4,Clalen O2O2 D_Micelia_Mute Brown_10P + -05.00
R0176-05.50MBN3,4,Clalen O2O2 D_Micelia_Mute Brown_10P + -05.50
R0176-06.00MBN3,4,Clalen O2O2 D_Micelia_Mute Brown_10P + -06.00
R0176-06.50MBN3,4,Clalen O2O2 D_Micelia_Mute Brown_10P + -06.50
R0176-07.00MBN3,4,Clalen O2O2 D_Micelia_Mute Brown_10P + -07.00
R0176-07.50MBN3,4,Clalen O2O2 D_Micelia_Mute Brown_10P + -07.50
R0176-08.00MBN3,4,Clalen O2O2 D_Micelia_Mute Brown_10P + -08.00
Q0174-06.50DBK3,4,Clalen O2O2 D_Micelia_Deep Black_10P + -06.50
R3406-03.25ASB,3,Clalen O2O2 D_Ash Brown EX_30P + -03.25
P0176A-01.00MBN3,3,Clalen O2O2 D_Micelia_Mute Brown_10P + -01.00
P0176A-01.25MBN3,3,Clalen O2O2 D_Micelia_Mute Brown_10P + -01.25
R3405-04.00SPC,3,Clalen O2O2 D_Sepia Choco EX_30P + -04.00
Q0174-04.75DBK3,3,Clalen O2O2 D_Micelia_Deep Black_10P + -04.75
P0175A-08.00LKG3,3,Clalen O2O2 D_Micelia_Lake Gray_10P + -08.00
P0175A-07.00LKG3,3,Clalen O2O2 D_Micelia_Lake Gray_10P + -07.00
P0175A-04.25LKG3,3,Clalen O2O2 D_Micelia_Lake Gray_10P + -04.25
P0175A-06.50LKG3,3,Clalen O2O2 D_Micelia_Lake Gray_10P + -06.50
P0175A-03.75LKG3,3,Clalen O2O2 D_Micelia_Lake Gray_10P + -03.75
P0175A-04.00LKG3,3,Clalen O2O2 D_Micelia_Lake Gray_10P + -04.00
Q0174-01.75DBK3,3,Clalen O2O2 D_Micelia_Deep Black_10P + -01.75
R3405-04.25SPC,3,Clalen O2O2 D_Sepia Choco EX_30P + -04.25
P0175A-03.25LKG3,3,Clalen O2O2 D_Micelia_Lake Gray_10P + -03.25
P0175A-01.25LKG3,3,Clalen O2O2 D_Micelia_Lake Gray_10P + -01.25
R0176-04.00MBN3,3,Clalen O2O2 D_Micelia_Mute Brown_10P + -04.00
R3407-03.75ASG,3,Clalen O2O2 D_Ash Gray EX_30P + -03.75
P0175A-02.50LKG3,3,Clalen O2O2 D_Micelia_Lake Gray_10P + -02.50
P0175A-03.00LKG3,3,Clalen O2O2 D_Micelia_Lake Gray_10P + -03.00
Q3407-03.75ASG,3,Clalen O2O2 D_Ash Gray EX_30P + -03.75
Q3406-03.25ASB,3,Clalen O2O2 D_Ash Brown EX_30P + -03.25
Q3405-04.00SPC,3,Clalen O2O2 D_Sepia Choco EX_30P + -04.00
Q3405-03.50SPC,3,Clalen O2O2 D_Sepia Choco EX_30P + -03.50
Q3400-01.75BRW,3,Clalen O2O2 M_Natural Brown EX_2P + -01.75
P0175A-01.50LKG3,3,Clalen O2O2 D_Micelia_Lake Gray_10P + -01.50
P0175A-01.75LKG3,3,Clalen O2O2 D_Micelia_Lake Gray_10P + -01.75
P0175A-02.25LKG3,3,Clalen O2O2 D_Micelia_Lake Gray_10P + -02.25
R0175-05.50LKG3,3,Clalen O2O2 D_Micelia_Lake Gray_10P + -05.50
R0317-02.75PCH3,3,Clalen O2O2 D_Micelia_Pale Choco_30P + -02.75
R0175-07.50LKG3,3,Clalen O2O2 D_Micelia_Lake Gray_10P + -07.50
Q3405-04.25SPC,3,Clalen O2O2 D_Sepia Choco EX_30P + -04.25
R0174-01.75DBK3,3,Clalen O2O2 D_Micelia_Deep Black_10P + -01.75
R0174-04.75DBK3,3,Clalen O2O2 D_Micelia_Deep Black_10P + -04.75
R0174-07.50DBK3,3,Clalen O2O2 D_Micelia_Deep Black_10P + -07.50
R0175-02.75LKG3,3,Clalen O2O2 D_Micelia_Lake Gray_10P + -02.75
Q0175-07.50LKG3,3,Clalen O2O2 D_Micelia_Lake Gray_10P + -07.50
Q0175-05.50LKG3,3,Clalen O2O2 D_Micelia_Lake Gray_10P + -05.50
P0317A-05.50PCH3,3,Clalen O2O2 D_Micelia_Pale Choco_10P + -05.50
P0317A-05.00PCH3,3,Clalen O2O2 D_Micelia_Pale Choco_10P + -05.00
P0317A-06.00PCH3,3,Clalen O2O2 D_Micelia_Pale Choco_10P + -06.00
Q0174-07.50DBK3,3,Clalen O2O2 D_Micelia_Deep Black_10P + -07.50
P3406A-03.25ASB,3,Clalen O2O2 D_Ash Brown EX_30P + -03.25
P3405A-04.25SPC,3,Clalen O2O2 D_Sepia Choco EX_30P + -04.25
P0176A-04.50MBN3,3,Clalen O2O2 D_Micelia_Mute Brown_10P + -04.50
R3400-01.75BRW,3,Clalen O2O2 M_Natural Brown EX_2P + -01.75
P0176A-05.50MBN3,3,Clalen O2O2 D_Micelia_Mute Brown_10P + -05.50
P0176A-06.00MBN3,3,Clalen O2O2 D_Micelia_Mute Brown_10P + -06.00
P0176A-04.75MBN3,3,Clalen O2O2 D_Micelia_Mute Brown_10P + -04.75
P0176A-05.00MBN3,3,Clalen O2O2 D_Micelia_Mute Brown_10P + -05.00
R3405-03.50SPC,3,Clalen O2O2 D_Sepia Choco EX_30P + -03.50
Q0175-02.75LKG3,3,Clalen O2O2 D_Micelia_Lake Gray_10P + -02.75
P0174A-08.00DBK3,3,Clalen O2O2 D_Micelia_Deep Black_10P + -08.00
P0174A-07.00DBK3,3,Clalen O2O2 D_Micelia_Deep Black_10P + -07.00
P3405A-04.00SPC,3,Clalen O2O2 D_Sepia Choco EX_30P + -04.00
P3405A-03.50SPC,3,Clalen O2O2 D_Sepia Choco EX_30P + -03.50
Q0176-04.00MBN3,3,Clalen O2O2 D_Micelia_Mute Brown_10P + -04.00
P0176A-03.50MBN3,3,Clalen O2O2 D_Micelia_Mute Brown_10P + -03.50
P0176A-04.25MBN3,3,Clalen O2O2 D_Micelia_Mute Brown_10P + -04.25
P3407A-03.75ASG,3,Clalen O2O2 D_Ash Gray EX_30P + -03.75
P0176A-03.25MBN3,3,Clalen O2O2 D_Micelia_Mute Brown_10P + -03.25
P0176A-03.00MBN3,3,Clalen O2O2 D_Micelia_Mute Brown_10P + -03.00
P0176A-03.75MBN3,3,Clalen O2O2 D_Micelia_Mute Brown_10P + -03.75
P0176A-01.75MBN3,3,Clalen O2O2 D_Micelia_Mute Brown_10P + -01.75
P0176A-02.00MBN3,3,Clalen O2O2 D_Micelia_Mute Brown_10P + -02.00
P0176A-02.25MBN3,3,Clalen O2O2 D_Micelia_Mute Brown_10P + -02.25
P0176A-02.50MBN3,3,Clalen O2O2 D_Micelia_Mute Brown_10P + -02.50
P0176A-02.75MBN3,3,Clalen O2O2 D_Micelia_Mute Brown_10P + -02.75
P0176A-07.50MBN3,3,Clalen O2O2 D_Micelia_Mute Brown_10P + -07.50
P0176A-08.00MBN3,3,Clalen O2O2 D_Micelia_Mute Brown_10P + -08.00
P0176A-06.50MBN3,3,Clalen O2O2 D_Micelia_Mute Brown_10P + -06.50
P0176A-07.00MBN3,3,Clalen O2O2 D_Micelia_Mute Brown_10P + -07.00
R1026-09.00,3,O2O2 D_UV_Spherical_FGC + -09.00
Q0317-02.75PCH3,3,Clalen O2O2 D_Micelia_Pale Choco_30P + -02.75
P0175A-01.00LKG3,3,Clalen O2O2 D_Micelia_Lake Gray_10P + -01.00
P0174A-06.50DBK3,3,Clalen O2O2 D_Micelia_Deep Black_10P + -06.50
Q0317-04.75PCH3,3,Clalen O2O2 D_Micelia_Pale Choco_30P + -04.75
Q1026-09.00,3,O2O2 D_UV_Spherical_FGC + -09.00
Q0174-01.50DBK3,2,Clalen O2O2 M_Micelia_Deep Black_45%_2P + -01.50
P0175A-05.50LKG3,2,Clalen O2O2 D_Micelia_Lake Gray_10P + -05.50
R3406-04.75ASB,2,Clalen O2O2 D_Ash Brown EX_90P + -04.75
R1026-08.00,2,Clalen O2O2 1Day_샘플(5P) + -08.00
P0175A-07.50LKG3,2,Clalen O2O2 D_Micelia_Lake Gray_10P + -07.50
R3405-10.00SPC,2,Clalen O2O2 D_Sepia Choco EX_30P + -10.00
Q1052-05.25-1.75020,2,O2O2 D_Toric_SMDH_WHITE + -05.25
Q1052-05.25-1.75090,2,O2O2 D_Toric_SMDH_WHITE + -05.25
Q1052-05.25-1.75160,2,O2O2 D_Toric_SMDH_WHITE + -05.25
Q1052-05.75-0.75010,2,O2O2 D_Toric_SMDH_WHITE + -05.75
Q1052-05.75-0.75020,2,O2O2 D_Toric_SMDH_WHITE + -05.75
Q1052-05.75-1.25020,2,O2O2 D_Toric_SMDH_WHITE + -05.75
Q1052-05.75-1.25160,2,O2O2 D_Toric_SMDH_WHITE + -05.75
Q1052-05.75-1.75010,2,O2O2 D_Toric_SMDH_WHITE + -05.75
Q1052-05.75-1.75160,2,O2O2 D_Toric_SMDH_WHITE + -05.75
Q3404-04.00GRN,2,Clalen O2O2 M_Mysti Khaki EX_2P + -04.00
Q3405-00.50SPC,2,Clalen O2O2 D_Sepia Choco EX_30P + -00.50
Q3405-01.50SPC,2,Clalen O2O2 D_Sepia Choco EX_30P + -01.50
Q3405-02.00SPC,2,Clalen O2O2 D_Sepia Choco EX_30P + -02.00
Q3405-01.75SPC,2,Clalen O2O2 D_Sepia Choco EX_30P + -01.75
Q3405-02.25SPC,2,Clalen O2O2 D_Sepia Choco EX_30P + -02.25
Q3405-02.50SPC,2,Clalen O2O2 D_Sepia Choco EX_30P + -02.50
R0175-03.50LKG3,2,Clalen O2O2 M_Micelia_Lake Gray_45%_2P + -03.50
Q3405-10.00SPC,2,Clalen O2O2 D_Sepia Choco EX_30P + -10.00
Q3406-04.75ASB,2,Clalen O2O2 D_Ash Brown EX_90P + -04.75
Q3407-05.00ASG,2,Clalen O2O2 D_Ash Gray EX_30P + -05.00
Q3407-06.00ASG,2,Clalen O2O2 D_Ash Gray EX_90P + -06.00
R0174-01.50DBK3,2,Clalen O2O2 M_Micelia_Deep Black_45%_2P + -01.50
R1026-07.00,2,Winc Clear Air Plus 1Day_30P + -07.00
R0175-05.00LKG3,2,Clalen O2O2 M_Micelia_Lake Gray_45%_2P + -05.00
R1026-04.25,2,Winc Clear Air Plus 1Day_30P + -04.25
R1026-03.25,2,Winc Clear Air Plus 1Day_30P + -03.25
R1026-01.25,2,Winc Clear Air Plus 1Day_30P + -01.25
R1026-01.75,2,Winc Clear Air Plus 1Day_30P + -01.75
R1026+07.00,2,O2O2 D_UV_Spherical_FGC + +07.00
R1025-06.50+1.00,2,O2O2 D_Multifocal_FGC + -06.50
R1025-05.00+2.00,2,O2O2 D_Multifocal_FGC + -05.00
R0317-03.00PCH3,2,Clalen O2O2 M_Micelia_Pale Choco_45%_2P + -03.00
R3407-05.00ASG,2,Clalen O2O2 D_Ash Gray EX_30P + -05.00
R3407-06.00ASG,2,Clalen O2O2 D_Ash Gray EX_90P + -06.00
P5424A-02.00,2,Winc Clear Air Plus 1Day_30P + -02.00
P5424A-05.50,2,Winc Clear Air Plus 1Day_30P + -05.50
P0175A-02.75LKG3,2,Clalen O2O2 D_Micelia_Lake Gray_10P + -02.75
R0317-02.50PCH3,2,Clalen O2O2 M_Micelia_Pale Choco_45%_2P + -02.50
R0317-02.25PCH3,2,Clalen O2O2 M_Micelia_Pale Choco_45%_2P + -02.25
R0317-01.75PCH3,2,Clalen O2O2 M_Micelia_Pale Choco_45%_2P + -01.75
R0175-06.00LKG3,2,Clalen O2O2 M_Micelia_Lake Gray_45%_2P + -06.00
R0175-04.75LKG3,2,Clalen O2O2 M_Micelia_Lake Gray_45%_2P + -04.75
Q1026-04.25,2,Winc Clear Air Plus 1Day_30P + -04.25
Q1026-03.25,2,Winc Clear Air Plus 1Day_30P + -03.25
Q1052-05.25-0.75020,2,O2O2 D_Toric_SMDH_WHITE + -05.25
Q1052-05.25-0.75010,2,O2O2 D_Toric_SMDH_WHITE + -05.25
Q1026-01.75,2,Winc Clear Air Plus 1Day_30P + -01.75
Q1052-05.25-1.75010,2,O2O2 D_Toric_SMDH_WHITE + -05.25
Q0317-06.50PCH3,2,Clalen O2O2 M_Micelia_Pale Choco_45%_2P + -06.50
Q1025-05.00+2.00,2,O2O2 D_Multifocal_FGC + -05.00
Q0317-03.25PCH3,2,Clalen O2O2 M_Micelia_Pale Choco_45%_2P + -03.25
Q0317-03.00PCH3,2,Clalen O2O2 M_Micelia_Pale Choco_45%_2P + -03.00
Q0317-02.50PCH3,2,Clalen O2O2 M_Micelia_Pale Choco_45%_2P + -02.50
Q0317-02.25PCH3,2,Clalen O2O2 M_Micelia_Pale Choco_45%_2P + -02.25
Q0317-01.75PCH3,2,Clalen O2O2 M_Micelia_Pale Choco_45%_2P + -01.75
P1052A-05.25-1.75160,2,O2O2 D_Toric_SMDH_WHITE + -05.25
P1052A-05.25-1.75090,2,O2O2 D_Toric_SMDH_WHITE + -05.25
P1052A-05.25-1.75020,2,O2O2 D_Toric_SMDH_WHITE + -05.25
P1052A-05.25-1.75010,2,O2O2 D_Toric_SMDH_WHITE + -05.25
Q1026-01.25,2,Winc Clear Air Plus 1Day_30P + -01.25
Q1026+07.00,2,O2O2 D_UV_Spherical_FGC + +07.00
Q1025-06.50+1.00,2,O2O2 D_Multifocal_FGC + -06.50
Q1052-05.25-1.25020,2,O2O2 D_Toric_SMDH_WHITE + -05.25
Q1052-05.25-1.25160,2,O2O2 D_Toric_SMDH_WHITE + -05.25
P3406A-04.75ASB,2,Clalen O2O2 D_Ash Brown EX_90P + -04.75
P1052A-05.75-0.75010,2,O2O2 D_Toric_SMDH_WHITE + -05.75
R1052-05.25-0.75010,2,O2O2 D_Toric_SMDH_WHITE + -05.25
R1052-05.25-0.75020,2,O2O2 D_Toric_SMDH_WHITE + -05.25
R1052-05.25-1.25160,2,O2O2 D_Toric_SMDH_WHITE + -05.25
R1052-05.25-1.25020,2,O2O2 D_Toric_SMDH_WHITE + -05.25
R1052-05.25-1.75010,2,O2O2 D_Toric_SMDH_WHITE + -05.25
R1052-05.25-1.75020,2,O2O2 D_Toric_SMDH_WHITE + -05.25
R1052-05.75-0.75020,2,O2O2 D_Toric_SMDH_WHITE + -05.75
R1052-05.25-1.75090,2,O2O2 D_Toric_SMDH_WHITE + -05.25
R1052-05.25-1.75160,2,O2O2 D_Toric_SMDH_WHITE + -05.25
R1052-05.75-0.75010,2,O2O2 D_Toric_SMDH_WHITE + -05.75
R1052-05.75-1.25020,2,O2O2 D_Toric_SMDH_WHITE + -05.75
P1052A-05.75-1.75010,2,O2O2 D_Toric_SMDH_WHITE + -05.75
P1052A-05.75-0.75020,2,O2O2 D_Toric_SMDH_WHITE + -05.75
P1052A-05.75-1.25020,2,O2O2 D_Toric_SMDH_WHITE + -05.75
P3405A-02.50SPC,2,Clalen O2O2 D_Sepia Choco EX_30P + -02.50
P3405A-03.00SPC,2,Clalen O2O2 D_Sepia Choco EX_30P + -03.00
P3405A-02.00SPC,2,Clalen O2O2 D_Sepia Choco EX_30P + -02.00
P1052A-05.75-1.25160,2,O2O2 D_Toric_SMDH_WHITE + -05.75
P1052A-05.75-1.75160,2,O2O2 D_Toric_SMDH_WHITE + -05.75
P3405A-00.50SPC,2,Clalen O2O2 D_Sepia Choco EX_30P + -00.50
P3405A-01.75SPC,2,Clalen O2O2 D_Sepia Choco EX_30P + -01.75
P3405A-01.50SPC,2,Clalen O2O2 D_Sepia Choco EX_30P + -01.50
P0510A+07.00,2,O2O2 D_UV_Spherical_FGC + +07.00
P0510A-02.00,2,O2O2 D_UV_Spherical_FGC + -02.00
P3405A-02.25SPC,2,Clalen O2O2 D_Sepia Choco EX_30P + -02.25
P1052A-05.25-1.25160,2,O2O2 D_Toric_SMDH_WHITE + -05.25
P1052A-05.25-1.25020,2,O2O2 D_Toric_SMDH_WHITE + -05.25
P1052A-05.25-0.75020,2,O2O2 D_Toric_SMDH_WHITE + -05.25
P1052A-05.25-0.75010,2,O2O2 D_Toric_SMDH_WHITE + -05.25
P0510A-09.00,2,O2O2 D_UV_Spherical_FGC + -09.00
Q1026-07.00,2,Winc Clear Air Plus 1Day_30P + -07.00
Q1026-08.00,2,Clalen O2O2 1Day_샘플(5P) + -08.00
Q0175-05.00LKG3,2,Clalen O2O2 M_Micelia_Lake Gray_45%_2P + -05.00
Q0175-04.75LKG3,2,Clalen O2O2 M_Micelia_Lake Gray_45%_2P + -04.75
Q0175-03.50LKG3,2,Clalen O2O2 M_Micelia_Lake Gray_45%_2P + -03.50
P0317A-02.75PCH3,2,Clalen O2O2 D_Micelia_Pale Choco_30P + -02.75
P0176A-04.00MBN3,2,Clalen O2O2 D_Micelia_Mute Brown_10P + -04.00
P3407A-05.00ASG,2,Clalen O2O2 D_Ash Gray EX_30P + -05.00
P3407A-06.00ASG,2,Clalen O2O2 D_Ash Gray EX_90P + -06.00
P3405A-03.75SPC,2,Clalen O2O2 D_Sepia Choco EX_30P + -03.75
P3405A-10.00SPC,2,Clalen O2O2 D_Sepia Choco EX_30P + -10.00
Q0175-06.00LKG3,2,Clalen O2O2 M_Micelia_Lake Gray_45%_2P + -06.00
P0317A-04.75PCH3,2,Clalen O2O2 D_Micelia_Pale Choco_30P + -04.75
R3405-01.50SPC,2,Clalen O2O2 D_Sepia Choco EX_30P + -01.50
R3405-00.50SPC,2,Clalen O2O2 D_Sepia Choco EX_30P + -00.50
R3405-02.50SPC,2,Clalen O2O2 D_Sepia Choco EX_30P + -02.50
R1052-05.75-1.75010,2,O2O2 D_Toric_SMDH_WHITE + -05.75
R1052-05.75-1.75160,2,O2O2 D_Toric_SMDH_WHITE + -05.75
R1052-05.75-1.25160,2,O2O2 D_Toric_SMDH_WHITE + -05.75
R3405-02.25SPC,2,Clalen O2O2 D_Sepia Choco EX_30P + -02.25
R3405-02.00SPC,2,Clalen O2O2 D_Sepia Choco EX_30P + -02.00
R3405-01.75SPC,2,Clalen O2O2 D_Sepia Choco EX_30P + -01.75
P5416A-05.00+2.00,2,O2O2 D_Multifocal_FGC + -05.00
P5416A-06.50+1.00,2,O2O2 D_Multifocal_FGC + -06.50
P5416A+02.50+2.50,2,O2O2 D_Multifocal_FGC + +02.50
P5416A-02.50+1.50,2,O2O2 D_Multifocal_FGC + -02.50
P5416A-03.00+1.50,2,O2O2 D_Multifocal_FGC + -03.00
P5416A-03.50+2.00,2,O2O2 D_Multifocal_FGC + -03.50
P5416A-04.00+1.50,2,O2O2 D_Multifocal_FGC + -04.00
P0174A-07.50DBK3,2,Clalen O2O2 D_Micelia_Deep Black_10P + -07.50
P0174A-04.75DBK3,2,Clalen O2O2 D_Micelia_Deep Black_10P + -04.75
P0174A-01.75DBK3,2,Clalen O2O2 D_Micelia_Deep Black_10P + -01.75
R5387-04.50STA,1,BELLA D_Star + -04.50
P0101A-01.75,1,sincere Natural 1day + -01.75
P0174A-01.50DBK3,1,Clalen O2O2 D_Deep Black_샘플(5P) + -01.50
R3407-04.50ASG,1,Clalen O2O2 D_Ash Gray EX_샘플(5P) + -04.50
R3407-06.50ASG,1,Clalen O2O2 D_Ash Gray EX_샘플(5P) + -06.50
R3407-07.00ASG,1,Clalen O2O2 D_Ash Gray EX_샘플(5P) + -07.00
R3407-08.50ASG,1,Clalen O2O2 D_Ash Gray EX_90P + -08.50
R3407-10.00ASG,1,Clalen O2O2 D_Ash Gray EX_90P + -10.00
R5022-07.50-1.25180,1,Clalen O2O2 D Toric_Sepia Choco EX_30P + -07.50
R5024-08.00-1.75180,1,Clalen O2O2 D Toric_Ash Brown EX_30P + -08.00
R5316-00.00PIE,1,BELLA D_Pine + -00.00
R5317-00.00CED,1,BELLA D_Cedar + -00.00
R5317-00.75CED,1,BELLA D_Cedar + -00.75
R3405-04.75SPC,1,Clalen O2O2 D_Sepia Choco EX_샘플(5P) + -04.75
P0176A-01.50MBN3,1,Clalen O2O2 D_Mute Brown_샘플(5P) + -01.50
P0175A-06.00LKG3,1,Clalen O2O2 D_Lake Gray_샘플(5P) + -06.00
P0175A-05.00LKG3,1,Clalen O2O2 D_Lake Gray_샘플(5P) + -05.00
P0175A-04.75LKG3,1,Clalen O2O2 D_Lake Gray_샘플(5P) + -04.75
P0175A-03.50LKG3,1,Clalen O2O2 D_Lake Gray_샘플(5P) + -03.50
R3405-03.75SPC,1,Clalen O2O2 D_Sepia Choco EX_샘플(5P) + -03.75
R3405-01.00SPC,1,Clalen O2O2 D_Sepia Choco EX_샘플(5P) + -01.00
R3401-04.75GRA,1,Clalen O2O2 M_Natural Gray EX_2P + -04.75
P0317A-04.50PCH3,1,Clalen O2O2 D_Pale Choco_샘플(5P) + -04.50
P0317A-03.75PCH3,1,Clalen O2O2 D_Pale Choco_샘플(5P) + -03.75
P0317A-03.25PCH3,1,Clalen O2O2 D_Pale Choco_샘플(5P) + -03.25
P0317A-03.00PCH3,1,Clalen O2O2 D_Pale Choco_샘플(5P) + -03.00
P0317A-02.50PCH3,1,Clalen O2O2 D_Pale Choco_샘플(5P) + -02.50
P0317A-02.25PCH3,1,Clalen O2O2 D_Pale Choco_샘플(5P) + -02.25
P0317A-01.75PCH3,1,Clalen O2O2 D_Pale Choco_샘플(5P) + -01.75
P5416A-04.50+2.00,1,O2O2 D_Multifocal_FGC + -04.50
P5416A-03.25+2.00,1,O2O2 D_Multifocal_FGC + -03.25
P5416A-02.75+2.50,1,O2O2 D_Multifocal_FGC + -02.75
P5416A+03.50+2.50,1,O2O2 D_Multifocal_FGC + +03.50
P5416A+03.25+2.50,1,O2O2 D_Multifocal_FGC + +03.25
P5416A+03.00+2.50,1,O2O2 D_Multifocal_FGC + +03.00
P5405A-04.25-1.25170,1,Clalen O2O2 D Toric_사축_30개입 + -04.25
Q0174-06.00DBK3,1,Clalen O2O2 M_Micelia_Deep Black_45%_2P + -06.00
Q0174-05.50DBK3,1,Clalen O2O2 M_Micelia_Deep Black_45%_2P + -05.50
Q0174-05.00DBK3,1,Clalen O2O2 M_Micelia_Deep Black_45%_2P + -05.00
Q0174-04.50DBK3,1,Clalen O2O2 M_Micelia_Deep Black_45%_2P + -04.50
Q0174-04.25DBK3,1,Clalen O2O2 M_Micelia_Deep Black_45%_2P + -04.25
Q0174-04.00DBK3,1,Clalen O2O2 M_Micelia_Deep Black_45%_2P + -04.00
Q0174-03.75DBK3,1,Clalen O2O2 M_Micelia_Deep Black_45%_2P + -03.75
Q0174-03.50DBK3,1,Clalen O2O2 M_Micelia_Deep Black_45%_2P + -03.50
Q0174-03.25DBK3,1,Clalen O2O2 M_Micelia_Deep Black_45%_2P + -03.25
P5387A-03.75STA,1,BELLA D_Star + -03.75
P5387A-01.75STA,1,BELLA D_Star + -01.75
P5387A-00.00STA,1,BELLA D_Star + -00.00
P5386A-00.00GAN,1,BELLA D_Garnet + -00.00
P5378A-04.00LVA,1,DYE D_LAVA + -04.00
P5317A-02.50CED,1,BELLA D_Cedar + -02.50
P5317A-02.00CED,1,BELLA D_Cedar + -02.00
P5317A-00.75CED,1,BELLA D_Cedar + -00.75
P5317A-00.00CED,1,BELLA D_Cedar + -00.00
P5316A-00.00PIE,1,BELLA D_Pine + -00.00
P5294A-05.75IGM,1,JEWEL MOON D_Ice gray Moon + -05.75
P5294A-02.75IGM,1,JEWEL MOON D_Ice gray Moon + -02.75
Q0175-04.50LKG3,1,Clalen O2O2 M_Micelia_Lake Gray_45%_2P + -04.50
Q0175-02.00LKG3,1,Clalen O2O2 M_Micelia_Lake Gray_45%_2P + -02.00
P5416A-08.00+2.00,1,O2O2 D_Multifocal_FGC + -08.00
P5416A-06.00+1.50,1,O2O2 D_Multifocal_FGC + -06.00
P5024A-08.00-1.75180,1,Clalen O2O2 D Toric_Ash Brown EX_30P + -08.00
P5022A-07.50-1.25180,1,Clalen O2O2 D Toric_Sepia Choco EX_30P + -07.50
P3407A-10.00ASG,1,Clalen O2O2 D_Ash Gray EX_90P + -10.00
P3407A-08.50ASG,1,Clalen O2O2 D_Ash Gray EX_90P + -08.50
P3407A-07.00ASG,1,Clalen O2O2 D_Ash Gray EX_샘플(5P) + -07.00
P3407A-06.50ASG,1,Clalen O2O2 D_Ash Gray EX_샘플(5P) + -06.50
P3407A-04.50ASG,1,Clalen O2O2 D_Ash Gray EX_샘플(5P) + -04.50
P3407A-03.50ASG,1,Clalen O2O2 D_Ash Gray EX_샘플(5P) + -03.50
P3407A-01.75ASG,1,Clalen O2O2 D_Ash Gray EX_샘플(5P) + -01.75
P3407A-01.25ASG,1,Clalen O2O2 D_Ash Gray EX_샘플(5P) + -01.25
P3407A-01.00ASG,1,Clalen O2O2 D_Ash Gray EX_샘플(5P) + -01.00
Q0176-00.00MBN3,1,Clalen O2O2 M_Micelia_Mute Brown_45%_2P + -00.00
P5405A-03.00-0.75170,1,Clalen O2O2 D Toric_사축_30개입 + -03.00
P5405A-01.50-0.75090,1,Clalen O2O2 D Toric_사축_30개입 + -01.50
P5387A-04.50STA,1,BELLA D_Star + -04.50
P5387A-04.00STA,1,BELLA D_Star + -04.00
P3405A-03.25SPC,1,Clalen O2O2 D_Sepia Choco EX_샘플(5P) + -03.25
P3405A-02.75SPC,1,Clalen O2O2 D_Sepia Choco EX_샘플(5P) + -02.75
P3405A-01.00SPC,1,Clalen O2O2 D_Sepia Choco EX_샘플(5P) + -01.00
P3407A-00.50ASG,1,Clalen O2O2 D_Ash Gray EX_샘플(5P) + -00.50
P3406A-05.00ASB,1,Clalen O2O2 D_Ash Brown EX_샘플(5P) + -05.00
P3406A-03.75ASB,1,Clalen O2O2 D_Ash Brown EX_샘플(5P) + -03.75
P3406A-01.50ASB,1,Clalen O2O2 D_Ash Brown EX_샘플(5P) + -01.50
P3406A-00.00ASB,1,Clalen O2O2 D_Ash Brown EX_샘플(5P) + -00.00
P3405A-08.00SPC,1,Clalen O2O2 D_Sepia Choco EX_샘플(5P) + -08.00
P3405A-06.00SPC,1,Clalen O2O2 D_Sepia Choco EX_샘플(5P) + -06.00
P3405A-05.50SPC,1,Clalen O2O2 D_Sepia Choco EX_샘플(5P) + -05.50
P3405A-04.75SPC,1,Clalen O2O2 D_Sepia Choco EX_샘플(5P) + -04.75
Q0317-01.25PCH3,1,Clalen O2O2 M_Micelia_Pale Choco_45%_2P + -01.25
Q0317-01.00PCH3,1,Clalen O2O2 M_Micelia_Pale Choco_45%_2P + -01.00
P5294A-01.75IGM,1,JEWEL MOON D_Ice gray Moon + -01.75
P5294A-01.50IGM,1,JEWEL MOON D_Ice gray Moon + -01.50
Q1026+05.50,1,O2O2 D_UV_Spherical_FGC + +05.50
Q1026+04.00,1,O2O2 D_UV_Spherical_FGC + +04.00
Q1026+03.75,1,O2O2 D_UV_Spherical_FGC + +03.75
Q1025-06.00+1.50,1,O2O2 D_Multifocal_FGC + -06.00
Q1025-02.75+2.50,1,O2O2 D_Multifocal_FGC + -02.75
Q0317-08.00PCH3,1,Clalen O2O2 M_Micelia_Pale Choco_45%_2P + -08.00
Q0317-07.00PCH3,1,Clalen O2O2 M_Micelia_Pale Choco_45%_2P + -07.00
Q0317-03.75PCH3,1,Clalen O2O2 D_Pale Choco_샘플(5P) + -03.75
Q0317-03.50PCH3,1,Clalen O2O2 M_Micelia_Pale Choco_45%_2P + -03.50
Q0317-02.00PCH3,1,Clalen O2O2 M_Micelia_Pale Choco_45%_2P + -02.00
Q0317-01.50PCH3,1,Clalen O2O2 M_Micelia_Pale Choco_45%_2P + -01.50
P0510A-06.00,1,O2O2 D_UV_Spherical_FGC + -06.00
P0510A-05.50,1,O2O2 D_UV_Spherical_FGC + -05.50
P0510A+07.50,1,O2O2 D_UV_Spherical_FGC + +07.50
P0510A+06.50,1,O2O2 D_UV_Spherical_FGC + +06.50
P0510A+05.50,1,O2O2 D_UV_Spherical_FGC + +05.50
Q1026-07.50,1,렌즈미 CleanFit 1Day_O2 clear_30P + -07.50
Q1026-06.50,1,렌즈미 CleanFit 1Day_O2 clear_30P + -06.50
Q1026-06.00,1,렌즈미 CleanFit 1Day_O2 clear_30P + -06.00
Q1026-05.00,1,렌즈미 CleanFit 1Day_O2 clear_30P + -05.00
Q1026-04.75,1,렌즈미 CleanFit 1Day_O2 clear_30P + -04.75
Q1026-04.50,1,렌즈미 CleanFit 1Day_O2 clear_30P + -04.50
Q1026-03.75,1,렌즈미 CleanFit 1Day_O2 clear_30P + -03.75
Q1026-03.50,1,렌즈미 CleanFit 1Day_O2 clear_30P + -03.50
Q1026-03.00,1,렌즈미 CleanFit 1Day_O2 clear_30P + -03.00
Q1026-02.75,1,렌즈미 CleanFit 1Day_O2 clear_30P + -02.75
Q1026-02.50,1,렌즈미 CleanFit 1Day_O2 clear_30P + -02.50
Q1026-02.25,1,렌즈미 CleanFit 1Day_O2 clear_30P + -02.25
Q1026-01.50,1,렌즈미 CleanFit 1Day_O2 clear_30P + -01.50
Q1026-01.00,1,렌즈미 CleanFit 1Day_O2 clear_30P + -01.00
Q1026+07.50,1,O2O2 D_UV_Spherical_FGC + +07.50
Q1026+06.50,1,O2O2 D_UV_Spherical_FGC + +06.50
P0510A+04.00,1,O2O2 D_UV_Spherical_FGC + +04.00
P0510A+03.75,1,O2O2 D_UV_Spherical_FGC + +03.75
P0365A-10.00,1,렌즈미 CleanFit 1Day_O2 clear_30P + -10.00
P0365A-09.50,1,렌즈미 CleanFit 1Day_O2 clear_30P + -09.50
P0365A-09.00,1,렌즈미 CleanFit 1Day_O2 clear_30P + -09.00
P0365A-08.50,1,렌즈미 CleanFit 1Day_O2 clear_30P + -08.50
P0365A-08.00,1,렌즈미 CleanFit 1Day_O2 clear_30P + -08.00
P0365A-07.50,1,렌즈미 CleanFit 1Day_O2 clear_30P + -07.50
P0365A-07.00,1,렌즈미 CleanFit 1Day_O2 clear_30P + -07.00
P0365A-06.50,1,렌즈미 CleanFit 1Day_O2 clear_30P + -06.50
P0365A-06.00,1,렌즈미 CleanFit 1Day_O2 clear_30P + -06.00
P0365A-05.50,1,렌즈미 CleanFit 1Day_O2 clear_30P + -05.50
P0365A-05.00,1,렌즈미 CleanFit 1Day_O2 clear_30P + -05.00
P0365A-04.75,1,렌즈미 CleanFit 1Day_O2 clear_30P + -04.75
P0365A-04.50,1,렌즈미 CleanFit 1Day_O2 clear_30P + -04.50
P0365A-04.25,1,렌즈미 CleanFit 1Day_O2 clear_30P + -04.25
P0365A-02.50,1,렌즈미 CleanFit 1Day_O2 clear_30P + -02.50
P0365A-02.25,1,렌즈미 CleanFit 1Day_O2 clear_30P + -02.25
P0365A-02.00,1,렌즈미 CleanFit 1Day_O2 clear_30P + -02.00
P0365A-01.75,1,렌즈미 CleanFit 1Day_O2 clear_30P + -01.75
P0365A-01.50,1,렌즈미 CleanFit 1Day_O2 clear_30P + -01.50
P0365A-01.25,1,렌즈미 CleanFit 1Day_O2 clear_30P + -01.25
P0365A-01.00,1,렌즈미 CleanFit 1Day_O2 clear_30P + -01.00
P0321A-08.00PCH3,1,Clalen O2O2 M_Micelia_Pale Choco_45%_2P + -08.00
P0321A-07.50PCH3,1,Clalen O2O2 M_Micelia_Pale Choco_45%_2P + -07.50
P0321A-07.00PCH3,1,Clalen O2O2 M_Micelia_Pale Choco_45%_2P + -07.00
Q1052-04.25-1.25170,1,Clalen O2O2 D Toric_사축_30개입 + -04.25
Q1052-03.00-0.75170,1,Clalen O2O2 D Toric_사축_30개입 + -03.00
Q1052-01.50-0.75090,1,Clalen O2O2 D Toric_사축_30개입 + -01.50
Q1026-10.00,1,렌즈미 CleanFit 1Day_O2 clear_30P + -10.00
Q1026-09.50,1,렌즈미 CleanFit 1Day_O2 clear_30P + -09.50
Q1026-08.50,1,렌즈미 CleanFit 1Day_O2 clear_30P + -08.50
Q3406-00.00ASB,1,Clalen O2O2 D_Ash Brown EX_샘플(5P) + -00.00
Q3405-08.00SPC,1,Clalen O2O2 D_Sepia Choco EX_샘플(5P) + -08.00
Q3405-06.00SPC,1,Clalen O2O2 D_Sepia Choco EX_샘플(5P) + -06.00
Q3405-05.50SPC,1,Clalen O2O2 D_Sepia Choco EX_샘플(5P) + -05.50
Q3405-04.75SPC,1,Clalen O2O2 D_Sepia Choco EX_샘플(5P) + -04.75
Q3405-03.75SPC,1,Clalen O2O2 D_Sepia Choco EX_샘플(5P) + -03.75
Q3405-03.00SPC,1,Clalen O2O2 D_Sepia Choco EX_샘플(5P) + -03.00
Q3405-01.00SPC,1,Clalen O2O2 D_Sepia Choco EX_샘플(5P) + -01.00
Q3404-03.00GRN,1,Clalen O2O2 M_Mysti Khaki EX_2P + -03.00
Q3401-04.75GRA,1,Clalen O2O2 M_Natural Gray EX_2P + -04.75
P0365A-04.00,1,렌즈미 CleanFit 1Day_O2 clear_30P + -04.00
P0365A-03.75,1,렌즈미 CleanFit 1Day_O2 clear_30P + -03.75
P0365A-03.50,1,렌즈미 CleanFit 1Day_O2 clear_30P + -03.50
P0365A-03.25,1,렌즈미 CleanFit 1Day_O2 clear_30P + -03.25
P0365A-03.00,1,렌즈미 CleanFit 1Day_O2 clear_30P + -03.00
P0365A-02.75,1,렌즈미 CleanFit 1Day_O2 clear_30P + -02.75
Q5316-00.00PIE,1,BELLA D_Pine + -00.00
Q5024-08.00-1.75180,1,Clalen O2O2 D Toric_Ash Brown EX_30P + -08.00
Q5022-07.50-1.25180,1,Clalen O2O2 D Toric_Sepia Choco EX_30P + -07.50
Q3407-10.00ASG,1,Clalen O2O2 D_Ash Gray EX_90P + -10.00
Q3407-08.50ASG,1,Clalen O2O2 D_Ash Gray EX_90P + -08.50
Q3407-07.00ASG,1,Clalen O2O2 D_Ash Gray EX_샘플(5P) + -07.00
Q3407-06.50ASG,1,Clalen O2O2 D_Ash Gray EX_샘플(5P) + -06.50
Q3407-04.50ASG,1,Clalen O2O2 D_Ash Gray EX_샘플(5P) + -04.50
Q3407-03.50ASG,1,Clalen O2O2 D_Ash Gray EX_샘플(5P) + -03.50
Q3407-01.75ASG,1,Clalen O2O2 D_Ash Gray EX_샘플(5P) + -01.75
Q3407-01.25ASG,1,Clalen O2O2 D_Ash Gray EX_샘플(5P) + -01.25
Q3407-01.00ASG,1,Clalen O2O2 D_Ash Gray EX_샘플(5P) + -01.00
Q3407-00.50ASG,1,Clalen O2O2 D_Ash Gray EX_샘플(5P) + -00.50
Q3406-05.00ASB,1,Clalen O2O2 D_Ash Brown EX_샘플(5P) + -05.00
Q3406-03.75ASB,1,Clalen O2O2 D_Ash Brown EX_샘플(5P) + -03.75
Q3406-01.50ASB,1,Clalen O2O2 D_Ash Brown EX_샘플(5P) + -01.50
P0321A-02.50PCH3,1,Clalen O2O2 M_Micelia_Pale Choco_45%_2P + -02.50
P0321A-02.25PCH3,1,Clalen O2O2 M_Micelia_Pale Choco_45%_2P + -02.25
P0321A-02.00PCH3,1,Clalen O2O2 M_Micelia_Pale Choco_45%_2P + -02.00
R0174-02.00DBK3,1,Clalen O2O2 M_Micelia_Deep Black_45%_2P + -02.00
R0174-01.25DBK3,1,Clalen O2O2 M_Micelia_Deep Black_45%_2P + -01.25
R0174-01.00DBK3,1,Clalen O2O2 M_Micelia_Deep Black_45%_2P + -01.00
R0174-00.00DBK3,1,Clalen O2O2 M_Micelia_Deep Black_45%_2P + -00.00
Q5387-04.50STA,1,BELLA D_Star + -04.50
Q5387-04.00STA,1,BELLA D_Star + -04.00
Q5387-03.75STA,1,BELLA D_Star + -03.75
Q5387-00.00STA,1,BELLA D_Star + -00.00
Q5378-04.00LVA,1,DYE D_LAVA + -04.00
Q5317-02.50CED,1,BELLA D_Cedar + -02.50
Q5317-02.00CED,1,BELLA D_Cedar + -02.00
Q5317-00.75CED,1,BELLA D_Cedar + -00.75
Q5317-00.00CED,1,BELLA D_Cedar + -00.00
R0174-02.75DBK3,1,Clalen O2O2 M_Micelia_Deep Black_45%_2P + -02.75
R0174-02.50DBK3,1,Clalen O2O2 M_Micelia_Deep Black_45%_2P + -02.50
R0174-02.25DBK3,1,Clalen O2O2 M_Micelia_Deep Black_45%_2P + -02.25
P0321A-06.50PCH3,1,Clalen O2O2 M_Micelia_Pale Choco_45%_2P + -06.50
P0321A-06.00PCH3,1,Clalen O2O2 M_Micelia_Pale Choco_45%_2P + -06.00
P0321A-05.50PCH3,1,Clalen O2O2 M_Micelia_Pale Choco_45%_2P + -05.50
P0321A-05.00PCH3,1,Clalen O2O2 M_Micelia_Pale Choco_45%_2P + -05.00
P0321A-04.75PCH3,1,Clalen O2O2 M_Micelia_Pale Choco_45%_2P + -04.75
P0321A-04.50PCH3,1,Clalen O2O2 M_Micelia_Pale Choco_45%_2P + -04.50
P0321A-04.25PCH3,1,Clalen O2O2 M_Micelia_Pale Choco_45%_2P + -04.25
P0321A-04.00PCH3,1,Clalen O2O2 M_Micelia_Pale Choco_45%_2P + -04.00
P0321A-03.75PCH3,1,Clalen O2O2 M_Micelia_Pale Choco_45%_2P + -03.75
P0321A-03.50PCH3,1,Clalen O2O2 M_Micelia_Pale Choco_45%_2P + -03.50
P0321A-03.25PCH3,1,Clalen O2O2 M_Micelia_Pale Choco_45%_2P + -03.25
P0321A-03.00PCH3,1,Clalen O2O2 M_Micelia_Pale Choco_45%_2P + -03.00
P0321A-02.75PCH3,1,Clalen O2O2 M_Micelia_Pale Choco_45%_2P + -02.75
P0320A-06.00MBN3,1,Clalen O2O2 M_Micelia_Mute Brown_45%_2P + -06.00
P0320A-05.50MBN3,1,Clalen O2O2 M_Micelia_Mute Brown_45%_2P + -05.50
P0320A-05.00MBN3,1,Clalen O2O2 M_Micelia_Mute Brown_45%_2P + -05.00
P0320A-04.75MBN3,1,Clalen O2O2 M_Micelia_Mute Brown_45%_2P + -04.75
P0320A-04.50MBN3,1,Clalen O2O2 M_Micelia_Mute Brown_45%_2P + -04.50
P0320A-04.25MBN3,1,Clalen O2O2 M_Micelia_Mute Brown_45%_2P + -04.25
P0320A-04.00MBN3,1,Clalen O2O2 M_Micelia_Mute Brown_45%_2P + -04.00
R0174-06.00DBK3,1,Clalen O2O2 M_Micelia_Deep Black_45%_2P + -06.00
R0174-05.50DBK3,1,Clalen O2O2 M_Micelia_Deep Black_45%_2P + -05.50
R0174-05.00DBK3,1,Clalen O2O2 M_Micelia_Deep Black_45%_2P + -05.00
R0174-04.50DBK3,1,Clalen O2O2 M_Micelia_Deep Black_45%_2P + -04.50
R0174-04.25DBK3,1,Clalen O2O2 M_Micelia_Deep Black_45%_2P + -04.25
R0174-04.00DBK3,1,Clalen O2O2 M_Micelia_Deep Black_45%_2P + -04.00
R0174-03.75DBK3,1,Clalen O2O2 M_Micelia_Deep Black_45%_2P + -03.75
R0174-03.25DBK3,1,Clalen O2O2 M_Micelia_Deep Black_45%_2P + -03.25
R0174-03.00DBK3,1,Clalen O2O2 M_Micelia_Deep Black_45%_2P + -03.00
P0319A-07.50LKG3,1,Clalen O2O2 M_Micelia_Lake Gray_45%_2P + -07.50
P0319A-07.00LKG3,1,Clalen O2O2 M_Micelia_Lake Gray_45%_2P + -07.00
R0176-01.25MBN3,1,Clalen O2O2 D_Mute Brown_샘플(5P) + -01.25
R0176-01.00MBN3,1,Clalen O2O2 D_Mute Brown_샘플(5P) + -01.00
R0176-00.00MBN3,1,Clalen O2O2 M_Micelia_Mute Brown_45%_2P + -00.00
R0175-04.50LKG3,1,Clalen O2O2 M_Micelia_Lake Gray_45%_2P + -04.50
R0175-02.00LKG3,1,Clalen O2O2 M_Micelia_Lake Gray_45%_2P + -02.00
P0321A-01.75PCH3,1,Clalen O2O2 M_Micelia_Pale Choco_45%_2P + -01.75
P0321A-01.50PCH3,1,Clalen O2O2 M_Micelia_Pale Choco_45%_2P + -01.50
P0321A-01.25PCH3,1,Clalen O2O2 M_Micelia_Pale Choco_45%_2P + -01.25
P0321A-01.00PCH3,1,Clalen O2O2 M_Micelia_Pale Choco_45%_2P + -01.00
P0321A-00.00PCH3,1,Clalen O2O2 M_Micelia_Pale Choco_45%_2P + -00.00
P0320A-08.00MBN3,1,Clalen O2O2 M_Micelia_Mute Brown_45%_2P + -08.00
P0320A-07.50MBN3,1,Clalen O2O2 M_Micelia_Mute Brown_45%_2P + -07.50
P0320A-07.00MBN3,1,Clalen O2O2 M_Micelia_Mute Brown_45%_2P + -07.00
P0320A-06.50MBN3,1,Clalen O2O2 M_Micelia_Mute Brown_45%_2P + -06.50
P0319A-02.00LKG3,1,Clalen O2O2 M_Micelia_Lake Gray_45%_2P + -02.00
R0317-01.00PCH3,1,Clalen O2O2 M_Micelia_Pale Choco_45%_2P + -01.00
P0320A-03.75MBN3,1,Clalen O2O2 M_Micelia_Mute Brown_45%_2P + -03.75
P0320A-03.50MBN3,1,Clalen O2O2 M_Micelia_Mute Brown_45%_2P + -03.50
P0320A-03.25MBN3,1,Clalen O2O2 M_Micelia_Mute Brown_45%_2P + -03.25
P0320A-03.00MBN3,1,Clalen O2O2 M_Micelia_Mute Brown_45%_2P + -03.00
P0320A-02.75MBN3,1,Clalen O2O2 M_Micelia_Mute Brown_45%_2P + -02.75
P0320A-02.50MBN3,1,Clalen O2O2 M_Micelia_Mute Brown_45%_2P + -02.50
P0320A-02.25MBN3,1,Clalen O2O2 M_Micelia_Mute Brown_45%_2P + -02.25
P0320A-02.00MBN3,1,Clalen O2O2 M_Micelia_Mute Brown_45%_2P + -02.00
P0320A-01.75MBN3,1,Clalen O2O2 M_Micelia_Mute Brown_45%_2P + -01.75
P0320A-01.50MBN3,1,Clalen O2O2 M_Micelia_Mute Brown_45%_2P + -01.50
P0320A-01.25MBN3,1,Clalen O2O2 M_Micelia_Mute Brown_45%_2P + -01.25
P0320A-01.00MBN3,1,Clalen O2O2 M_Micelia_Mute Brown_45%_2P + -01.00
P0320A-00.00MBN3,1,Clalen O2O2 M_Micelia_Mute Brown_45%_2P + -00.00
P0319A-08.00LKG3,1,Clalen O2O2 M_Micelia_Lake Gray_45%_2P + -08.00
R0317-01.25PCH3,1,Clalen O2O2 M_Micelia_Pale Choco_45%_2P + -01.25
P0319A-06.50LKG3,1,Clalen O2O2 M_Micelia_Lake Gray_45%_2P + -06.50
P0319A-06.00LKG3,1,Clalen O2O2 M_Micelia_Lake Gray_45%_2P + -06.00
P0319A-05.50LKG3,1,Clalen O2O2 M_Micelia_Lake Gray_45%_2P + -05.50
P0319A-05.00LKG3,1,Clalen O2O2 M_Micelia_Lake Gray_45%_2P + -05.00
P0319A-04.75LKG3,1,Clalen O2O2 M_Micelia_Lake Gray_45%_2P + -04.75
P0319A-04.50LKG3,1,Clalen O2O2 M_Micelia_Lake Gray_45%_2P + -04.50
P0319A-04.25LKG3,1,Clalen O2O2 M_Micelia_Lake Gray_45%_2P + -04.25
P0319A-04.00LKG3,1,Clalen O2O2 M_Micelia_Lake Gray_45%_2P + -04.00
P0319A-03.75LKG3,1,Clalen O2O2 M_Micelia_Lake Gray_45%_2P + -03.75
P0319A-03.50LKG3,1,Clalen O2O2 M_Micelia_Lake Gray_45%_2P + -03.50
P0319A-03.25LKG3,1,Clalen O2O2 M_Micelia_Lake Gray_45%_2P + -03.25
P0319A-03.00LKG3,1,Clalen O2O2 M_Micelia_Lake Gray_45%_2P + -03.00
P0319A-02.75LKG3,1,Clalen O2O2 M_Micelia_Lake Gray_45%_2P + -02.75
P0319A-02.50LKG3,1,Clalen O2O2 M_Micelia_Lake Gray_45%_2P + -02.50
P0319A-02.25LKG3,1,Clalen O2O2 M_Micelia_Lake Gray_45%_2P + -02.25
R1026-02.50,1,렌즈미 CleanFit 1Day_O2 clear_30P + -02.50
R1026-02.25,1,렌즈미 CleanFit 1Day_O2 clear_30P + -02.25
R1026-01.50,1,렌즈미 CleanFit 1Day_O2 clear_30P + -01.50
R1026-01.00,1,렌즈미 CleanFit 1Day_O2 clear_30P + -01.00
R1026+07.50,1,O2O2 D_UV_Spherical_FGC + +07.50
R1026+06.50,1,O2O2 D_UV_Spherical_FGC + +06.50
R1026+05.50,1,O2O2 D_UV_Spherical_FGC + +05.50
R1026+04.00,1,O2O2 D_UV_Spherical_FGC + +04.00
R1026+03.75,1,O2O2 D_UV_Spherical_FGC + +03.75
R1025-06.00+1.50,1,O2O2 D_Multifocal_FGC + -06.00
R1025-02.75+2.50,1,O2O2 D_Multifocal_FGC + -02.75
R0317-04.75PCH3,1,Clalen O2O2 D_Pale Choco_샘플(5P) + -04.75
R0317-03.50PCH3,1,Clalen O2O2 M_Micelia_Pale Choco_45%_2P + -03.50
R0317-03.25PCH3,1,Clalen O2O2 D_Pale Choco_샘플(5P) + -03.25
R0317-02.00PCH3,1,Clalen O2O2 M_Micelia_Pale Choco_45%_2P + -02.00
R0317-01.50PCH3,1,Clalen O2O2 M_Micelia_Pale Choco_45%_2P + -01.50
P0319A-01.50LKG3,1,Clalen O2O2 M_Micelia_Lake Gray_45%_2P + -01.50
P0319A-01.25LKG3,1,Clalen O2O2 M_Micelia_Lake Gray_45%_2P + -01.25
P0319A-01.00LKG3,1,Clalen O2O2 M_Micelia_Lake Gray_45%_2P + -01.00
P0319A-00.00LKG3,1,Clalen O2O2 M_Micelia_Lake Gray_45%_2P + -00.00
P0318A-08.00DBK3,1,Clalen O2O2 M_Micelia_Deep Black_45%_2P + -08.00
P0318A-07.50DBK3,1,Clalen O2O2 M_Micelia_Deep Black_45%_2P + -07.50
P0318A-07.00DBK3,1,Clalen O2O2 M_Micelia_Deep Black_45%_2P + -07.00
P0318A-06.50DBK3,1,Clalen O2O2 M_Micelia_Deep Black_45%_2P + -06.50
P0318A-06.00DBK3,1,Clalen O2O2 M_Micelia_Deep Black_45%_2P + -06.00
P0318A-05.50DBK3,1,Clalen O2O2 M_Micelia_Deep Black_45%_2P + -05.50
P0318A-05.00DBK3,1,Clalen O2O2 M_Micelia_Deep Black_45%_2P + -05.00
P0318A-04.75DBK3,1,Clalen O2O2 M_Micelia_Deep Black_45%_2P + -04.75
P0318A-04.50DBK3,1,Clalen O2O2 M_Micelia_Deep Black_45%_2P + -04.50
P0318A-04.25DBK3,1,Clalen O2O2 M_Micelia_Deep Black_45%_2P + -04.25
P0318A-04.00DBK3,1,Clalen O2O2 M_Micelia_Deep Black_45%_2P + -04.00
R1026-02.75,1,렌즈미 CleanFit 1Day_O2 clear_30P + -02.75
R1052-04.25-1.25170,1,Clalen O2O2 D Toric_사축_30개입 + -04.25
R1052-03.00-0.75170,1,Clalen O2O2 D Toric_사축_30개입 + -03.00
R1052-01.50-0.75090,1,Clalen O2O2 D Toric_사축_30개입 + -01.50
R1026-10.00,1,렌즈미 CleanFit 1Day_O2 clear_30P + -10.00
R1026-09.50,1,렌즈미 CleanFit 1Day_O2 clear_30P + -09.50
R1026-08.50,1,렌즈미 CleanFit 1Day_O2 clear_30P + -08.50
R1026-07.50,1,렌즈미 CleanFit 1Day_O2 clear_30P + -07.50
R1026-06.50,1,렌즈미 CleanFit 1Day_O2 clear_30P + -06.50
R1026-06.00,1,렌즈미 CleanFit 1Day_O2 clear_30P + -06.00
R1026-05.00,1,렌즈미 CleanFit 1Day_O2 clear_30P + -05.00
R1026-04.75,1,렌즈미 CleanFit 1Day_O2 clear_30P + -04.75
R1026-04.50,1,렌즈미 CleanFit 1Day_O2 clear_30P + -04.50
R1026-03.75,1,렌즈미 CleanFit 1Day_O2 clear_30P + -03.75
R1026-03.50,1,렌즈미 CleanFit 1Day_O2 clear_30P + -03.50
R1026-03.00,1,렌즈미 CleanFit 1Day_O2 clear_30P + -03.00
P0319A-01.75LKG3,1,Clalen O2O2 M_Micelia_Lake Gray_45%_2P + -01.75
P0318A-03.75DBK3,1,Clalen O2O2 M_Micelia_Deep Black_45%_2P + -03.75
P0318A-03.50DBK3,1,Clalen O2O2 M_Micelia_Deep Black_45%_2P + -03.50
P0318A-03.25DBK3,1,Clalen O2O2 M_Micelia_Deep Black_45%_2P + -03.25
P0318A-03.00DBK3,1,Clalen O2O2 M_Micelia_Deep Black_45%_2P + -03.00
P0318A-02.75DBK3,1,Clalen O2O2 M_Micelia_Deep Black_45%_2P + -02.75
P0318A-02.50DBK3,1,Clalen O2O2 M_Micelia_Deep Black_45%_2P + -02.50
P0318A-02.25DBK3,1,Clalen O2O2 M_Micelia_Deep Black_45%_2P + -02.25
P0318A-02.00DBK3,1,Clalen O2O2 M_Micelia_Deep Black_45%_2P + -02.00
P0318A-01.75DBK3,1,Clalen O2O2 M_Micelia_Deep Black_45%_2P + -01.75
P0318A-01.50DBK3,1,Clalen O2O2 M_Micelia_Deep Black_45%_2P + -01.50
P0318A-01.25DBK3,1,Clalen O2O2 M_Micelia_Deep Black_45%_2P + -01.25
P0318A-01.00DBK3,1,Clalen O2O2 M_Micelia_Deep Black_45%_2P + -01.00
P0318A-00.00DBK3,1,Clalen O2O2 M_Micelia_Deep Black_45%_2P + -00.00
P0317A-08.00PCH3,1,Clalen O2O2 D_Pale Choco_샘플(5P) + -08.00
P0317A-07.00PCH3,1,Clalen O2O2 D_Pale Choco_샘플(5P) + -07.00
P0317A-06.50PCH3,1,Clalen O2O2 D_Pale Choco_샘플(5P) + -06.50
R5317-02.00CED,1,BELLA D_Cedar + -02.00
R5387-04.00STA,1,BELLA D_Star + -04.00
R5387-03.75STA,1,BELLA D_Star + -03.75
R5387-00.00STA,1,BELLA D_Star + -00.00
R3407-03.50ASG,1,Clalen O2O2 D_Ash Gray EX_샘플(5P) + -03.50
R3407-01.75ASG,1,Clalen O2O2 D_Ash Gray EX_샘플(5P) + -01.75
R3407-01.25ASG,1,Clalen O2O2 D_Ash Gray EX_샘플(5P) + -01.25
R3407-01.00ASG,1,Clalen O2O2 D_Ash Gray EX_샘플(5P) + -01.00
R3407-00.50ASG,1,Clalen O2O2 D_Ash Gray EX_샘플(5P) + -00.50
R3406-05.00ASB,1,Clalen O2O2 D_Ash Brown EX_샘플(5P) + -05.00
R3406-03.75ASB,1,Clalen O2O2 D_Ash Brown EX_샘플(5P) + -03.75
R3406-01.50ASB,1,Clalen O2O2 D_Ash Brown EX_샘플(5P) + -01.50
R3406-00.00ASB,1,Clalen O2O2 D_Ash Brown EX_샘플(5P) + -00.00
R3405-08.00SPC,1,Clalen O2O2 D_Sepia Choco EX_샘플(5P) + -08.00
R3405-06.00SPC,1,Clalen O2O2 D_Sepia Choco EX_샘플(5P) + -06.00
R3405-05.50SPC,1,Clalen O2O2 D_Sepia Choco EX_샘플(5P) + -05.50
Q0174-03.00DBK3,1,Clalen O2O2 M_Micelia_Deep Black_45%_2P + -03.00
Q0174-02.75DBK3,1,Clalen O2O2 M_Micelia_Deep Black_45%_2P + -02.75
Q0174-02.50DBK3,1,Clalen O2O2 M_Micelia_Deep Black_45%_2P + -02.50
Q0174-02.25DBK3,1,Clalen O2O2 M_Micelia_Deep Black_45%_2P + -02.25
Q0174-02.00DBK3,1,Clalen O2O2 M_Micelia_Deep Black_45%_2P + -02.00
Q0174-01.25DBK3,1,Clalen O2O2 M_Micelia_Deep Black_45%_2P + -01.25
Q0174-01.00DBK3,1,Clalen O2O2 M_Micelia_Deep Black_45%_2P + -01.00
Q0174-00.00DBK3,1,Clalen O2O2 M_Micelia_Deep Black_45%_2P + -00.00
P5424A-07.00,1,Winc Clear Air Plus 1Day_30P + -07.00
P5424A-04.25,1,Winc Clear Air Plus 1Day_30P + -04.25
P5424A-03.25,1,Winc Clear Air Plus 1Day_30P + -03.25
P5424A-01.75,1,Winc Clear Air Plus 1Day_30P + -01.75
P5424A-01.25,1,Winc Clear Air Plus 1Day_30P + -01.25
P5423A-08.00,1,Clalen O2O2 1Day_샘플(5P) + -08.00
R5378-04.00LVA,1,DYE D_LAVA + -04.00
R5317-02.50CED,1,BELLA D_Cedar + -02.50
